cod_municipal,descripcion,municipio,cod_provincia
380014,Abra Pampa,Municipio Abra Pampa,AR-Y
380105,Humahuaca,Municipio Humahuaca,AR-Y
380091,El Aguilar,Municipio El Aguilar,AR-Y
380147,Yuto,Municipio Yuto,AR-Y
380126,Calilegua,Municipio Calilegua,AR-Y
380140,Libertador General San Martín,Municipio Libertador General San Martín,AR-Y
380133,Fraile Pintado,Municipio Fraile Pintado,AR-Y
380154,Palpalá,Municipio Palpalá,AR-Y
380035,San Salvador de Jujuy,Municipio San Salvador de Jujuy,AR-Y
380196,La Esperanza,Municipio La Esperanza,AR-Y
380252,Santa Clara,Municipio Santa Clara,AR-Y
380203,La Mendieta,Municipio La Mendieta,AR-Y
380056,El Carmen,Municipio El Carmen,AR-Y
380077,Perico,Municipio Perico,AR-Y
660084,La Merced,Municipio La Merced,AR-A
660035,Las Lajitas,Municipio Las Lajitas,AR-A
660252,Tolar Grande,Municipio Tolar Grande,AR-A
660056,Cafayate,Municipio Cafayate,AR-A
660077,Cerrillos,Municipio Cerrillos,AR-A
660133,Embarcación,Municipio Embarcación,AR-A
660280,Río Piedras,Municipio Río Piedras,AR-A
660119,General Güemes,Municipio General Güemes,AR-A
660343,Santa Victoria Este,Municipio Santa Victoria Este,AR-A
660364,Campo Quijano,Municipio Campo Quijano,AR-A
660378,Angastaco,Municipio Angastaco,AR-A
660126,Aguaray,Municipio Aguaray,AR-A
660413,Santa Victoria Oeste,Municipio Santa Victoria Oeste,AR-A
660406,Nazareno,Municipio Nazareno,AR-A
660168,Guachipas,Municipio Guachipas,AR-A
660266,Metán,Municipio Metán,AR-A
660315,San Ramón de la Nueva Orán,Municipio San Ramón de la Nueva Orán,AR-A
660007,Apolinario Saravia,Municipio Apolinario Saravia,AR-A
660147,General Mosconi,Municipio General Mosconi,AR-A
660399,Los Toldos,Municipio Los Toldos,AR-A
660231,Coronel Moldes,Municipio Coronel Moldes,AR-A
660308,Pichanal,Municipio Pichanal,AR-A
660028,Joaquín V. González,Municipio Joaquín V. González,AR-A
60056,Bahía Blanca,Municipio Bahía Blanca,AR-B
100063,Belén,Municipio Belén,AR-K
100077,Hualfín,Municipio Hualfín,AR-K
660042,Cachi,Municipio Cachi,AR-A
660203,El Jardín,Municipio El Jardín,AR-A
660245,San Antonio de los Cobres,Municipio San Antonio de los Cobres,AR-A
660273,Molinos,Municipio Molinos,AR-A
100091,Pozo de Piedra,Municipio Pozo de Piedra,AR-K
100112,San Fernando,Municipio San Fernando,AR-K
100203,San José,Municipio San José,AR-K
100210,Santa María,Municipio Santa María,AR-K
100042,Aconquija,Municipio Aconquija,AR-K
100049,Andalgalá,Municipio Andalgalá,AR-K
100196,Saujil,Municipio Saujil,AR-K
100189,Pomán,Municipio Pomán,AR-K
100185,Mutquín,Municipio Mutquín,AR-K
100140,San Fernando del Valle de Catamarca,Municipio San Fernando del Valle de Catamarca,AR-K
100182,Paclín,Municipio Paclín,AR-K
60280,General Alvarado,Municipio General Alvarado,AR-B
460077,General Lamadrid,Municipio General Lamadrid,AR-F
460098,Vinchina,Municipio Vinchina,AR-F
460028,Coronel Felipe Varela,Municipio Coronel Felipe Varela,AR-F
460021,Castro Barros,Municipio Castro Barros,AR-F
700049,Iglesia,Municipio Iglesia,AR-J
700119,Valle Fértil,Municipio Valle Fértil,AR-J
700112,Ullum,Municipio Ullum,AR-J
700007,Albardón,Municipio Albardón,AR-J
700133,Zonda,Municipio Zonda,AR-J
500014,General Alvear,Municipio General Alvear,AR-M
500105,San Rafael,Municipio San Rafael,AR-M
700098,Santa Lucía,Municipio Santa Lucía,AR-J
700077,Rawson,Municipio Rawson,AR-J
700056,Jáchal,Municipio Jáchal,AR-J
700021,Calingasta,Municipio Calingasta,AR-J
700126,25 de Mayo,Municipio 25 de Mayo,AR-J
60357,General Pueyrredón,Municipio General Pueyrredón,AR-B
60518,Mar Chiquita,Municipio Mar Chiquita,AR-B
700028,San Juan,Municipio San Juan,AR-J
500084,Rivadavia,Municipio Rivadavia,AR-M
500091,San Carlos,Municipio San Carlos,AR-M
500119,Tunuyán,Municipio Tunuyán,AR-M
500063,Luján de Cuyo,Municipio Luján de Cuyo,AR-M
500049,Las Heras,Municipio Las Heras,AR-M
500056,Lavalle,Municipio Lavalle,AR-M
500077,Malargüe,Municipio Malargüe,AR-M
500007,Capital,Municipio Capital,AR-M
580210,Rincón de los Sauces,Municipio Rincón de los Sauces,AR-Q
580203,Buta Ranquil,Municipio Buta Ranquil,AR-Q
580238,Mariano Moreno,Municipio Mariano Moreno,AR-Q
580112,Junín de los Andes,Municipio Junín de los Andes,AR-Q
580007,Aluminé,Municipio Aluminé,AR-Q
580056,Neuquén,Municipio Neuquén,AR-Q
580042,Centenario,Municipio Centenario,AR-Q
60644,Pinamar,Municipio Pinamar,AR-B
580049,Cutral Có,Municipio Cutral Có,AR-Q
580063,Plaza Huincul,Municipio Plaza Huincul,AR-Q
580217,Picún Leufú,Municipio Picún Leufú,AR-Q
580028,Las Coloradas,Municipio Las Coloradas,AR-Q
580161,Los Miches,Municipio Los Miches,AR-Q
580182,El Huecú,Municipio El Huecú,AR-Q
580126,Loncopué,Municipio Loncopué,AR-Q
580105,Tricao Malal,Municipio Tricao Malal,AR-Q
220042,Isla del Cerrito,Municipio Isla del Cerrito,AR-H
580147,Huinganco,Municipio Huinganco,AR-Q
580119,San Martín de los Andes,Municipio San Martín de los Andes,AR-Q
220308,Coronel Du Graty,Municipio Coronel Du Graty,AR-H
220420,Samuhú,Municipio Samuhú,AR-H
220392,Basail,Municipio Basail,AR-H
220406,Puerto Vilelas,Municipio Puerto Vilelas,AR-H
220385,Barranqueras,Municipio Barranqueras,AR-H
220098,General Capdevila,Municipio General Capdevila,AR-H
60505,Magdalena,Municipio Magdalena,AR-B
60861,Vicente López,Municipio Vicente López,AR-B
540084,Mártires,Municipio Mártires,AR-N
540168,Santiago de Liniers,Municipio Santiago de Liniers,AR-N
540504,San Pedro,Municipio San Pedro,AR-N
220350,San Bernardo,Municipio San Bernardo,AR-H
220189,Miraflores,Municipio Miraflores,AR-H
220056,Las Palmas,Municipio Las Palmas,AR-H
180217,Yataytí Calle,Municipio Yataytí Calle,AR-W
220357,Presidencia de la Plaza,Municipio Presidencia de la Plaza,AR-H
60623,Pergamino,Municipio Pergamino,AR-B
60672,Rauch,Municipio Rauch,AR-B
180245,Mercedes,Municipio Mercedes,AR-W
220455,Las Garcitas,Municipio Las Garcitas,AR-H
220259,Gral. San Martengeneral San Martín,Municipio Gral. San Martengeneral San Martín,AR-H
180308,Saladas,Municipio Saladas,AR-W
340252,Villa Dos Trece,Municipio Villa Dos Trece,AR-P
220294,Presidencia Roca,Municipio Presidencia Roca,AR-H
220287,Pampa del Indio,Municipio Pampa del Indio,AR-H
220301,Tres Isletas,Municipio Tres Isletas,AR-H
60721,Salliqueló,Municipio Salliqueló,AR-B
220169,Misión Nueva Pompeya,Municipio Misión Nueva Pompeya,AR-H
220175,Fuerte Esperanza,Municipio Fuerte Esperanza,AR-H
180259,Juan Pujol,Municipio Juan Pujol,AR-W
180091,Pueblo Libertador,Municipio Pueblo Libertador,AR-W
180273,Monte Caseros,Municipio Monte Caseros,AR-W
180287,Parada Pucheta,Municipio Parada Pucheta,AR-W
180455,Sauce,Municipio Sauce,AR-W
180294,Paso de los Libres,Municipio Paso de los Libres,AR-W
180140,Goya,Municipio Goya,AR-W
180399,9 de Julio,Municipio 9 de Julio,AR-W
180231,Felipe Yofré,Municipio Felipe Yofré,AR-W
180056,Tatacuá,Municipio Tatacuá,AR-W
180371,La Cruz,Municipio La Cruz,AR-W
180049,Tabay,Municipio Tabay,AR-W
60196,Coronel Pringles,Municipio Coronel Pringles,AR-B
180007,Bella Vista,Municipio Bella Vista,AR-W
900105,Municipalidad de Tafi del Valle,Municipio Municipalidad de Tafi del Valle,AR-T
180133,Palmar Grande,Municipio Palmar Grande,AR-W
180434,Gobernador Ing. Valentín Virasoro,Municipio Gobernador Ing. Valentín Virasoro,AR-W
180077,Empedrado,Municipio Empedrado,AR-W
180175,San Antonio,Municipio San Antonio,AR-W
180161,Colonia Liebig'S,Municipio Colonia Liebig'S,AR-W
180119,Itá Ibaté,Municipio Itá Ibaté,AR-W
180014,Berón de Astrada,Municipio Berón de Astrada,AR-W
180336,Santa Ana,Municipio Santa Ana,AR-W
180350,San Luis del Palmar,Municipio San Luis del Palmar,AR-W
180322,Paso de la Patria,Municipio Paso de la Patria,AR-W
180266,Mocoretá,Municipio Mocoretá,AR-W
180143,San Isidro,Municipio San Isidro,AR-W
60707,Saladillo,Municipio Saladillo,AR-B
60455,Las Flores,Municipio Las Flores,AR-B
60686,Rojas,Municipio Rojas,AR-B
60252,Escobar,Municipio Escobar,AR-B
60105,Bolívar,Municipio Bolívar,AR-B
60511,Maipú,Municipio Maipú,AR-B
60427,La Matanza,Municipio La Matanza,AR-B
60735,San Antonio de Areco,Municipio San Antonio de Areco,AR-B
60560,Moreno,Municipio Moreno,AR-B
60308,General Guido,Municipio General Guido,AR-B
60315,General Juan Madariaga,Municipio General Juan Madariaga,AR-B
60791,Tandil,Municipio Tandil,AR-B
60203,Coronel Suárez,Municipio Coronel Suárez,AR-B
60868,Villa Gesell,Municipio Villa Gesell,AR-B
60336,General Lavalle,Municipio General Lavalle,AR-B
60420,La Costa,Municipio La Costa,AR-B
60091,Berazategui,Municipio Berazategui,AR-B
60819,Tornquist,Municipio Tornquist,AR-B
60805,Tigre,Municipio Tigre,AR-B
60875,Villarino,Municipio Villarino,AR-B
900063,Municipalidad de la Cocha,Municipio Municipalidad de la Cocha,AR-T
60168,Castelli,Municipio Castelli,AR-B
60119,Brandsen,Municipio Brandsen,AR-B
60147,Carlos Casares,Municipio Carlos Casares,AR-B
60826,Trenque Lauquen,Municipio Trenque Lauquen,AR-B
60693,Roque Pérez,Municipio Roque Pérez,AR-B
60595,Olavarría,Municipio Olavarría,AR-B
900035,Municipalidad de Concepcion,Municipio Municipalidad de Concepcion,AR-T
60077,Arrecifes,Municipio Arrecifes,AR-B
60140,Capitán Sarmiento,Municipio Capitán Sarmiento,AR-B
60161,Carmen de Areco,Municipio Carmen de Areco,AR-B
60714,Salto,Municipio Salto,AR-B
900098,Municipalidad de Simoca,Municipio Municipalidad de Simoca,AR-T
340119,General Güemes,Municipio General Güemes,AR-P
60260,Esteban Echeverría,Municipio Esteban Echeverría,AR-B
60638,Pilar,Municipio Pilar,AR-B
60497,Luján,Municipio Luján,AR-B
60210,Chacabuco,Municipio Chacabuco,AR-B
340210,Riacho He-He,Municipio Riacho He-He,AR-P
60364,General Rodríguez,Municipio General Rodríguez,AR-B
60469,Lincoln,Municipio Lincoln,AR-B
340140,Pozo del Tigre,Municipio Pozo del Tigre,AR-P
60410,Ituzaingó,Municipio Ituzaingó,AR-B
60525,Marcos Paz,Municipio Marcos Paz,AR-B
60840,Tres de Febrero,Municipio Tres de Febrero,AR-B
60224,Chivilcoy,Municipio Chivilcoy,AR-B
60112,Bragado,Municipio Bragado,AR-B
60490,Lomas de Zamora,Municipio Lomas de Zamora,AR-B
60658,Quilmes,Municipio Quilmes,AR-B
60630,Pila,Municipio Pila,AR-B
60084,Benito Juárez,Municipio Benito Juárez,AR-B
60063,Balcarce,Municipio Balcarce,AR-B
60049,Azul,Municipio Azul,AR-B
60812,Tordillo,Municipio Tordillo,AR-B
60756,San Isidro,Municipio San Isidro,AR-B
60602,Patagones,Municipio Patagones,AR-B
60182,Coronel de Marina Leonardo Rosales,Municipio Coronel de Marina Leonardo Rosales,AR-B
60700,Saavedra,Municipio Saavedra,AR-B
60553,Monte Hermoso,Municipio Monte Hermoso,AR-B
60476,Lobería,Municipio Lobería,AR-B
60098,Berisso,Municipio Berisso,AR-B
60749,San Fernando,Municipio San Fernando,AR-B
60882,Zárate,Municipio Zárate,AR-B
60665,Ramallo,Municipio Ramallo,AR-B
60763,San Nicolás,Municipio San Nicolás,AR-B
60277,Florentino Ameghino,Municipio Florentino Ameghino,AR-B
60770,San Pedro,Municipio San Pedro,AR-B
820245,Coronda,Municipio Coronda,AR-S
900133,Yerba Buena,Municipio Yerba Buena,AR-T
540343,Montecarlo,Municipio Montecarlo,AR-N
820277,Venado Tuerto,Municipio Venado Tuerto,AR-S
820091,Avellaneda,Municipio Avellaneda,AR-S
340147,San Martín Dos,Municipio San Martín Dos,AR-P
820105,Malabrigo,Municipio Malabrigo,AR-S
820329,Calchaquí,Municipio Calchaquí,AR-S
820322,Sastre,Municipio Sastre,AR-S
540196,El Soberbio,Municipio El Soberbio,AR-N
340056,Herradura,Municipio Herradura,AR-P
340049,General Lucio Victorio Mansilla,Municipio General Lucio Victorio Mansilla,AR-P
141596,Ballesteros,Municipio Ballesteros,AR-X
820154,Santo Tomé,Municipio Santo Tomé,AR-S
620133,Cipolletti,Municipio Cipolletti,AR-R
940007,Río Grande,Municipio Río Grande,AR-V
900112,Municipalidad de las Talitas,Municipio Municipalidad de las Talitas,AR-T
140147,Río Ceballos,Municipio Río Ceballos,AR-X
620252,Ing. Jacobacci,Municipio Ing. Jacobacci,AR-R
540070,Cerro Corá,Municipio Cerro Corá,AR-N
820294,Roldán,Municipio Roldán,AR-S
540119,Posadas,Municipio Posadas,AR-N
540406,Panambí,Municipio Panambí,AR-N
540448,Hipólito Irigoyen,Municipio Hipólito Irigoyen,AR-N
540014,Azara,Municipio Azara,AR-N
540518,Colonia Aurora,Municipio Colonia Aurora,AR-N
820196,Granadero Baigorria,Municipio Granadero Baigorria,AR-S
140665,Bialet Massé,Municipio Bialet Massé,AR-X
820266,Capitán Bermúdez,Municipio Capitán Bermúdez,AR-S
540294,Capioví,Municipio Capioví,AR-N
620070,El Bolson,Municipio El Bolson,AR-R
620077,San Carlos de Bariloche,Municipio San Carlos de Bariloche,AR-R
620056,Luis Beltran,Municipio Luis Beltran,AR-R
620028,Choele Choel,Municipio Choele Choel,AR-R
540469,Santo Pipo,Municipio Santo Pipo,AR-N
620098,Campo Grande,Municipio Campo Grande,AR-R
540420,Colonia Polana,Municipio Colonia Polana,AR-N
620175,Mainque,Municipio Mainque,AR-R
140112,Jesús María,Municipio Jesús María,AR-X
140826,La Cautiva,Municipio La Cautiva,AR-X
540273,Gobernador López,Municipio Gobernador López,AR-N
620168,Ingeniero Huergo,Municipio Ingeniero Huergo,AR-R
140126,La Granja,Municipio La Granja,AR-X
141001,Colazo,Municipio Colazo,AR-X
260007,Puerto Madryn,Municipio Puerto Madryn,AR-U
260014,Cholila,Municipio Cholila,AR-U
260161,Río Pico,Municipio Río Pico,AR-U
260126,Alto Río Senguer,Municipio Alto Río Senguer,AR-U
260147,Gobernador Costa,Municipio Gobernador Costa,AR-U
260021,El Hoyo,Municipio El Hoyo,AR-U
260070,Corcovado,Municipio Corcovado,AR-U
260140,Sarmiento,Municipio Sarmiento,AR-U
420294,Quehué,Municipio Quehué,AR-L
420035,Arata,Municipio Arata,AR-L
420217,Lonquimay,Municipio Lonquimay,AR-L
420224,Luan Toro,Municipio Luan Toro,AR-L
420070,Carro Quemado,Municipio Carro Quemado,AR-L
420182,Jacinto Arauz,Municipio Jacinto Arauz,AR-L
420364,Tomás Manuel Anchorena,Municipio Tomás Manuel Anchorena,AR-L
420336,Santa Rosa,Municipio Santa Rosa,AR-L
420392,Vértiz,Municipio Vértiz,AR-L
140756,Achiras,Municipio Achiras,AR-X
140084,Agua de Oro,Municipio Agua de Oro,AR-X
140483,Arias,Municipio Arias,AR-X
141176,Arroyito,Municipio Arroyito,AR-X
140392,Bengolea,Municipio Bengolea,AR-X
141617,Benjamín Gould,Municipio Benjamín Gould,AR-X
140504,Cavanagh,Municipio Cavanagh,AR-X
141512,Cañada de Luque,Municipio Cañada de Luque,AR-X
140042,Villa del Dique,Municipio Villa del Dique,AR-X
140406,Charras,Municipio Charras,AR-X
141197,Colonia Marina,Municipio Colonia Marina,AR-X
140511,Colonia Italiana,Municipio Colonia Italiana,AR-X
140098,Colonia Tirolesa,Municipio Colonia Tirolesa,AR-X
140070,Villa Yacanto,Municipio Villa Yacanto,AR-X
540511,Alba Posse,Municipio Alba Posse,AR-N
141008,Costasacate,Municipio Costasacate,AR-X
140007,Embalse,Municipio Embalse,AR-X
141211,Colonia San Bartolomé,Municipio Colonia San Bartolomé,AR-X
140217,Del Campillo,Municipio Del Campillo,AR-X
141239,El Fortín,Municipio El Fortín,AR-X
140546,Guatimozín,Municipio Guatimozín,AR-X
60351,General Pinto,Municipio General Pinto,AR-B
140294,Etruria,Municipio Etruria,AR-X
140413,General Cabrera,Municipio General Cabrera,AR-X
60742,San Cayetano,Municipio San Cayetano,AR-B
60833,Tres Arroyos,Municipio Tres Arroyos,AR-B
60189,Coronel Dorrego,Municipio Coronel Dorrego,AR-B
60581,Necochea,Municipio Necochea,AR-B
140686,Huerta Grande,Municipio Huerta Grande,AR-X
140224,Huinca Renancó,Municipio Huinca Renancó,AR-X
141652,Idiazabal,Municipio Idiazabal,AR-X
140623,La Cesira,Municipio La Cesira,AR-X
141260,La Francia,Municipio La Francia,AR-X
60466,Lezama,Municipio Lezama,AR-B
60218,Chascomús,Municipio Chascomús,AR-B
141267,La Paquita,Municipio La Paquita,AR-X
60655,Punta Indio,Municipio Punta Indio,AR-B
60126,Campana,Municipio Campana,AR-B
141666,Laborde,Municipio Laborde,AR-X
140630,Laboulaye,Municipio Laboulaye,AR-X
141015,Laguna Larga,Municipio Laguna Larga,AR-X
540203,San Vicente,Municipio San Vicente,AR-N
140420,General Deheza,Municipio General Deheza,AR-X
141274,La Tordilla,Municipio La Tordilla,AR-X
140833,Las Acequias,Municipio Las Acequias,AR-X
140840,Las Higueras,Municipio Las Higueras,AR-X
141022,Las Junturas,Municipio Las Junturas,AR-X
140616,General Levalle,Municipio General Levalle,AR-X
140847,Las Vertientes,Municipio Las Vertientes,AR-X
420077,Catriló,Municipio Catriló,AR-L
140707,Los Cocos,Municipio Los Cocos,AR-X
141295,Marull,Municipio Marull,AR-X
141470,Los Zorros,Municipio Los Zorros,AR-X
141554,Lucio V. Mansilla,Municipio Lucio V. Mansilla,AR-X
141029,Luque,Municipio Luque,AR-X
141036,Manfredi,Municipio Manfredi,AR-X
141043,Matorrales,Municipio Matorrales,AR-X
140637,Melo,Municipio Melo,AR-X
140028,Río de los Sauces,Municipio Río de los Sauces,AR-X
140854,Monte de los Gauchos,Municipio Monte de los Gauchos,AR-X
141099,Nono,Municipio Nono,AR-X
141057,Pilar,Municipio Pilar,AR-X
141064,Pozo del Molle,Municipio Pozo del Molle,AR-X
141715,Pueblo Italiano,Municipio Pueblo Italiano,AR-X
140644,Rosales,Municipio Rosales,AR-X
141722,San Antonio de Litín,Municipio San Antonio de Litín,AR-X
140882,Santa Catalina,Municipio Santa Catalina,AR-X
140462,Santa Eufemia,Municipio Santa Eufemia,AR-X
141078,Santiago Temple,Municipio Santiago Temple,AR-X
540329,Ruiz de Montoya,Municipio Ruiz de Montoya,AR-N
420322,Rolón,Municipio Rolón,AR-L
140714,San Esteban,Municipio San Esteban,AR-X
900077,Municipalidad de Lules,Municipio Municipalidad de Lules,AR-T
141134,San Javier y Yacanto,Municipio San Javier y Yacanto,AR-X
141561,San José de la Dormida,Municipio San José de la Dormida,AR-X
141568,San José de las Salinas,Municipio San José de las Salinas,AR-X
141729,San Marcos Sud,Municipio San Marcos Sud,AR-X
141575,San Pedro Norte,Municipio San Pedro Norte,AR-X
140721,Santa María de Punilla,Municipio Santa María de Punilla,AR-X
141344,Saturnino María Laspiur,Municipio Saturnino María Laspiur,AR-X
140959,Sebastián Elcano,Municipio Sebastián Elcano,AR-X
141351,Seeber,Municipio Seeber,AR-X
140651,Serrano,Municipio Serrano,AR-X
141365,Villa Concepción del Tío,Municipio Villa Concepción del Tío,AR-X
140336,Silvio Pellico,Municipio Silvio Pellico,AR-X
540413,San Martín,Municipio San Martín,AR-N
141407,Toledo,Municipio Toledo,AR-X
140735,Valle Hermoso,Municipio Valle Hermoso,AR-X
140175,Villa Allende,Municipio Villa Allende,AR-X
140658,Villa Rossi,Municipio Villa Rossi,AR-X
141505,Villa Ascasubi,Municipio Villa Ascasubi,AR-X
140672,Capilla del Monte,Municipio Capilla del Monte,AR-X
540210,Puerto Esperanza,Municipio Puerto Esperanza,AR-N
140952,Villa Fontana,Municipio Villa Fontana,AR-X
140252,Villa Huidobro,Municipio Villa Huidobro,AR-X
740028,San Francisco,Municipio San Francisco,AR-D
900021,Municipalidad de Alderetes,Municipio Municipalidad de Alderetes,AR-T
940014,Ushuaia,Municipio Ushuaia,AR-V
380406,La Quiaca,Municipio La Quiaca,AR-Y
540483,Itacaruaré,Municipio Itacaruaré,AR-N
540238,Almafuerte,Municipio Almafuerte,AR-N
380119,Caimancito,Municipio Caimancito,AR-Y
380329,Tilcara,Municipio Tilcara,AR-Y
380238,El Talar,Municipio El Talar,AR-Y
380245,Palma Sola,Municipio Palma Sola,AR-Y
380063,Monterrico,Municipio Monterrico,AR-Y
660175,Iruya,Municipio Iruya,AR-A
660091,Chicoana,Municipio Chicoana,AR-A
660392,San Carlos,Municipio San Carlos,AR-A
660224,La Poma,Municipio La Poma,AR-A
660112,El Bordo,Municipio El Bordo,AR-A
380224,San Pedro de Jujuy,Municipio San Pedro de Jujuy,AR-Y
660385,Animaná,Municipio Animaná,AR-A
660070,San Lorenzo,Municipio San Lorenzo,AR-A
660322,Urundel,Municipio Urundel,AR-A
660105,Campo Santo,Municipio Campo Santo,AR-A
100084,Londres,Municipio Londres,AR-K
660238,La Viña,Municipio La Viña,AR-A
660210,El Tala,Municipio El Tala,AR-A
660217,La Candelaria,Municipio La Candelaria,AR-A
100119,Villa Vil,Municipio Villa Vil,AR-K
660287,Seclantás,Municipio Seclantás,AR-A
660182,Isla de Cañas,Municipio Isla de Cañas,AR-A
660357,Rosario de la Frontera,Municipio Rosario de la Frontera,AR-A
660189,La Caldera,Municipio La Caldera,AR-A
660259,El Galpón,Municipio El Galpón,AR-A
660161,Tartagal,Municipio Tartagal,AR-A
660140,General Ballivián,Municipio General Ballivián,AR-A
660021,General Pizarro,Municipio General Pizarro,AR-A
660063,Salta,Municipio Salta,AR-A
660196,Vaqueros,Municipio Vaqueros,AR-A
660014,El Quebrachal,Municipio El Quebrachal,AR-A
660371,Rosario de Lerma,Municipio Rosario de Lerma,AR-A
660098,El Carril,Municipio El Carril,AR-A
660336,Rivadavia Banda Sur,Municipio Rivadavia Banda Sur,AR-A
660049,Payogasta,Municipio Payogasta,AR-A
660294,Colonia Santa Rosa,Municipio Colonia Santa Rosa,AR-A
660329,Rivadavia Banda Norte,Municipio Rivadavia Banda Norte,AR-A
660154,Profesor Salvador Mazza,Municipio Profesor Salvador Mazza,AR-A
660350,El Potrero,Municipio El Potrero,AR-A
660301,Hipólito Yrigoyen,Municipio Hipólito Yrigoyen,AR-A
100238,Valle Viejo,Municipio Valle Viejo,AR-K
100035,Ancasti,Municipio Ancasti,AR-K
100056,Antofagasta de la Sierra,Municipio Antofagasta de la Sierra,AR-K
100224,Fiambalá,Municipio Fiambalá,AR-K
100231,Tinogasta,Municipio Tinogasta,AR-K
100105,Puerta de San José,Municipio Puerta de San José,AR-K
100098,Puerta de Corral Quemado,Municipio Puerta de Corral Quemado,AR-K
100028,Los Varela,Municipio Los Varela,AR-K
100014,La Puerta,Municipio La Puerta,AR-K
100021,Las Juntas,Municipio Las Juntas,AR-K
100007,El Rodeo,Municipio El Rodeo,AR-K
100213,Los Altos,Municipio Los Altos,AR-K
100147,El Alto,Municipio El Alto,AR-K
100217,Santa Rosa,Municipio Santa Rosa,AR-K
100133,Huillapima,Municipio Huillapima,AR-K
100126,Capayán,Municipio Capayán,AR-K
100161,Fray Mamerto Esquiú,Municipio Fray Mamerto Esquiú,AR-K
100175,Recreo,Municipio Recreo,AR-K
100070,Corral Quemado,Municipio Corral Quemado,AR-K
100168,Icaño,Municipio Icaño,AR-K
460105,Independencia,Municipio Independencia,AR-F
100154,Tapso,Municipio Tapso,AR-K
460084,General Ocampo,Municipio General Ocampo,AR-F
460035,Chamical,Municipio Chamical,AR-F
460007,Arauco,Municipio Arauco,AR-F
460063,General Belgrano,Municipio General Belgrano,AR-F
460014,Capital,Municipio Capital,AR-F
460126,Sanagasta,Municipio Sanagasta,AR-F
460042,Chilecito,Municipio Chilecito,AR-F
220035,General Vedia,Municipio General Vedia,AR-H
460056,General Ángel Vicente Peñaloza,Municipio General Ángel Vicente Peñaloza,AR-F
460070,General Juan Facundo Quiroga,Municipio General Juan Facundo Quiroga,AR-F
460112,Rosario Vera Peñaloza,Municipio Rosario Vera Peñaloza,AR-F
460091,General San Martín,Municipio General San Martín,AR-F
460049,Famatina,Municipio Famatina,AR-F
460119,San Blas de los Sauces,Municipio San Blas de los Sauces,AR-F
700042,Chimbas,Municipio Chimbas,AR-J
700063,9 de Julio,Municipio 9 de Julio,AR-J
700091,San Martín,Municipio San Martín,AR-J
700084,Rivadavia,Municipio Rivadavia,AR-J
700014,Angaco,Municipio Angaco,AR-J
700035,Caucete,Municipio Caucete,AR-J
700070,Pocito,Municipio Pocito,AR-J
700105,Sarmiento,Municipio Sarmiento,AR-J
500112,Santa Rosa,Municipio Santa Rosa,AR-M
500042,La Paz,Municipio La Paz,AR-M
500126,Tupungato,Municipio Tupungato,AR-M
500028,Guaymallén,Municipio Guaymallén,AR-M
500070,Maipú,Municipio Maipú,AR-M
500021,Godoy Cruz,Municipio Godoy Cruz,AR-M
500035,Junín,Municipio Junín,AR-M
500098,San Martín,Municipio San Martín,AR-M
540098,Santa Ana,Municipio Santa Ana,AR-N
580196,Barrancas,Municipio Barrancas,AR-Q
580014,Añelo,Municipio Añelo,AR-Q
580231,Las Lajas,Municipio Las Lajas,AR-Q
580245,Zapala,Municipio Zapala,AR-Q
580077,Senillosa,Municipio Senillosa,AR-Q
580168,Caviahue-Copahue,Municipio Caviahue-Copahue,AR-Q
580070,Plottier,Municipio Plottier,AR-Q
580091,Vista Alegre,Municipio Vista Alegre,AR-Q
540427,Corpus,Municipio Corpus,AR-N
540462,San Ignacio,Municipio San Ignacio,AR-N
580021,San Patricio del Chañar,Municipio San Patricio del Chañar,AR-Q
540441,Gobernador Roca,Municipio Gobernador Roca,AR-N
580084,Villa el Chocón,Municipio Villa el Chocón,AR-Q
580035,Piedra del Águila,Municipio Piedra del Águila,AR-Q
580140,Andacollo,Municipio Andacollo,AR-Q
580175,El Cholar,Municipio El Cholar,AR-Q
580189,Taquimilán,Municipio Taquimilán,AR-Q
580224,Bajada del Agrio,Municipio Bajada del Agrio,AR-Q
580098,Chos Malal,Municipio Chos Malal,AR-Q
580154,Las Ovejas,Municipio Las Ovejas,AR-Q
580133,Villa la Angostura,Municipio Villa la Angostura,AR-Q
220126,Santa Sylvina,Municipio Santa Sylvina,AR-H
220322,Villa Ángela,Municipio Villa Ángela,AR-H
220399,Fontana,Municipio Fontana,AR-H
220462,Cote Lai,Municipio Cote Lai,AR-H
220315,Enrique Urien,Municipio Enrique Urien,AR-H
220254,Puerto Tirol,Municipio Puerto Tirol,AR-H
540315,Leoni,Municipio Leoni,AR-N
220231,Colonia Popular,Municipio Colonia Popular,AR-H
220371,Margarita Belén,Municipio Margarita Belén,AR-H
220049,La Leonesa,Municipio La Leonesa,AR-H
220161,Makallé,Municipio Makallé,AR-H
220238,Laguna Blanca,Municipio Laguna Blanca,AR-H
220147,Lapachito,Municipio Lapachito,AR-H
220336,La Clotilde,Municipio La Clotilde,AR-H
220091,Gancedo,Municipio Gancedo,AR-H
540371,Colonia Alberdi,Municipio Colonia Alberdi,AR-N
220140,La Escondida,Municipio La Escondida,AR-H
220427,Villa Berthet,Municipio Villa Berthet,AR-H
220154,La Verde,Municipio La Verde,AR-H
220343,La Tigra,Municipio La Tigra,AR-H
220434,Capitán Solari,Municipio Capitán Solari,AR-H
220084,Charata,Municipio Charata,AR-H
220113,Corzuela,Municipio Corzuela,AR-H
220329,Las Breñas,Municipio Las Breñas,AR-H
220070,Puerto Eva Perón,Municipio Puerto Eva Perón,AR-H
220224,Napenay,Municipio Napenay,AR-H
540161,9 de Julio,Municipio 9 de Julio,AR-N
220077,Presidencia Roque Sáenz Peña,Municipio Presidencia Roque Sáenz Peña,AR-H
220280,Pampa Almirón,Municipio Pampa Almirón,AR-H
220252,Ciervo Petiso,Municipio Ciervo Petiso,AR-H
220210,Avia Terai,Municipio Avia Terai,AR-H
220273,Laguna Limpia,Municipio Laguna Limpia,AR-H
220007,Concepción del Bermejo,Municipio Concepción del Bermejo,AR-H
220021,Pampa del Infierno,Municipio Pampa del Infierno,AR-H
540056,Bonpland,Municipio Bonpland,AR-N
220028,Taco Pozo,Municipio Taco Pozo,AR-H
220448,Colonias Unidas,Municipio Colonias Unidas,AR-H
180252,Colonia Libertad,Municipio Colonia Libertad,AR-W
180084,Esquina,Municipio Esquina,AR-W
180063,Curuzú Cuatiá,Municipio Curuzú Cuatiá,AR-W
180280,Bonpland,Municipio Bonpland,AR-W
180378,Yapeyú,Municipio Yapeyú,AR-W
180364,Guaviraví,Municipio Guaviraví,AR-W
180238,Mariano I. Loza,Municipio Mariano I. Loza,AR-W
180301,Tapebicuá,Municipio Tapebicuá,AR-W
180427,Garruchos,Municipio Garruchos,AR-W
540280,Leandro N. Alem,Municipio Leandro N. Alem,AR-N
180137,Carolina,Municipio Carolina,AR-W
180070,Perugorría,Municipio Perugorría,AR-W
180203,Lavalle,Municipio Lavalle,AR-W
180210,Santa Lucía,Municipio Santa Lucía,AR-W
180196,Gobernador Martínez,Municipio Gobernador Martínez,AR-W
180189,Cruz de los Milagros,Municipio Cruz de los Milagros,AR-W
180413,Chavarría,Municipio Chavarría,AR-W
180105,Estación Torrent,Municipio Estación Torrent,AR-W
180406,Pedro R. Fernández,Municipio Pedro R. Fernández,AR-W
180098,Alvear,Municipio Alvear,AR-W
180417,Colonia Pando,Municipio Colonia Pando,AR-W
180420,San Roque,Municipio San Roque,AR-W
180357,Colonia Carlos Pellegrini,Municipio Colonia Carlos Pellegrini,AR-W
180042,Concepción,Municipio Concepción,AR-W
180147,Itatí,Municipio Itatí,AR-W
180441,Jose Rafael Gomez,Municipio Jose Rafael Gomez,AR-W
180168,Ituzaingó,Municipio Ituzaingó,AR-W
180315,San Lorenzo,Municipio San Lorenzo,AR-W
180035,Colonia Santa Rosa,Municipio Colonia Santa Rosa,AR-W
180448,Santo Tomé,Municipio Santo Tomé,AR-W
180224,Mburucuyá,Municipio Mburucuyá,AR-W
180392,San Miguel,Municipio San Miguel,AR-W
180186,Villa Olivari,Municipio Villa Olivari,AR-W
180126,Lomas de Vallejos,Municipio Lomas de Vallejos,AR-W
180028,Riachuelo,Municipio Riachuelo,AR-W
180343,Herlitzka,Municipio Herlitzka,AR-W
180112,Caá Catí,Municipio Caá Catí,AR-W
60854,25 de Mayo,Municipio 25 de Mayo,AR-B
60301,General Belgrano,Municipio General Belgrano,AR-B
60547,Monte,Municipio Monte,AR-B
180385,Loreto,Municipio Loreto,AR-W
540140,Colonia Delicia,Municipio Colonia Delicia,AR-N
540175,Bernardo de Irigoyen,Municipio Bernardo de Irigoyen,AR-N
540147,Colonia Victoria,Municipio Colonia Victoria,AR-N
180182,San Carlos,Municipio San Carlos,AR-W
180021,Corrientes,Municipio Corrientes,AR-W
180154,Ramada Paso,Municipio Ramada Paso,AR-W
180329,San Cosme,Municipio San Cosme,AR-W
60412,José C. Paz,Municipio José C. Paz,AR-B
60343,General Paz,Municipio General Paz,AR-B
60014,Adolfo Gonzales Chaves,Municipio Adolfo Gonzales Chaves,AR-B
60007,Adolfo Alsina,Municipio Adolfo Alsina,AR-B
60616,Pellegrini,Municipio Pellegrini,AR-B
60651,Puán,Municipio Puán,AR-B
60392,General Villegas,Municipio General Villegas,AR-B
60028,Almirante Brown,Municipio Almirante Brown,AR-B
60441,La Plata,Municipio La Plata,AR-B
60648,Presidente Perón,Municipio Presidente Perón,AR-B
60154,Carlos Tejedor,Municipio Carlos Tejedor,AR-B
60588,9 de Julio,Municipio 9 de Julio,AR-B
340168,Espinillo,Municipio Espinillo,AR-P
60609,Pehuajó,Municipio Pehuajó,AR-B
540042,Campo Grande,Municipio Campo Grande,AR-N
60483,Lobos,Municipio Lobos,AR-B
60287,General Alvear,Municipio General Alvear,AR-B
540525,25 de Mayo,Municipio 25 de Mayo,AR-N
540322,Puerto Rico,Municipio Puerto Rico,AR-N
340112,General Belgrano,Municipio General Belgrano,AR-P
340175,Misión Taacaglé,Municipio Misión Taacaglé,AR-P
340169,Laguna Blanca,Municipio Laguna Blanca,AR-P
340203,Laguna Naik Neck,Municipio Laguna Naik Neck,AR-P
340189,Clorinda,Municipio Clorinda,AR-P
340259,General Mosconi,Municipio General Mosconi,AR-P
60539,Merlo,Municipio Merlo,AR-B
340077,Ingeniero Guillermo N. Juárez,Municipio Ingeniero Guillermo N. Juárez,AR-P
60266,Exaltación de la Cruz,Municipio Exaltación de la Cruz,AR-B
60760,San Miguel,Municipio San Miguel,AR-B
60798,Tapalqué,Municipio Tapalqué,AR-B
340133,Las Lomitas,Municipio Las Lomitas,AR-P
340098,Estanislao del Campo,Municipio Estanislao del Campo,AR-P
340126,Ibarreta,Municipio Ibarreta,AR-P
340091,Comandante Fontana,Municipio Comandante Fontana,AR-P
340238,Palo Santo,Municipio Palo Santo,AR-P
340245,Pirané,Municipio Pirané,AR-P
60413,Junín,Municipio Junín,AR-B
60847,Tres Lomas,Municipio Tres Lomas,AR-B
60042,Ayacucho,Municipio Ayacucho,AR-B
60532,Mercedes,Municipio Mercedes,AR-B
60408,Hurlingham,Municipio Hurlingham,AR-B
60568,Morón,Municipio Morón,AR-B
60371,General San Martín,Municipio General San Martín,AR-B
60515,Malvinas Argentinas,Municipio Malvinas Argentinas,AR-B
60784,Suipacha,Municipio Suipacha,AR-B
60021,Alberti,Municipio Alberti,AR-B
60434,Lanús,Municipio Lanús,AR-B
60728,San Andrés de Giles,Municipio San Andrés de Giles,AR-B
60329,General las Heras,Municipio General las Heras,AR-B
60274,Florencio Varela,Municipio Florencio Varela,AR-B
340028,Formosa,Municipio Formosa,AR-P
340063,Misión San Francisco de Laishí,Municipio Misión San Francisco de Laishí,AR-P
340224,El Colorado,Municipio El Colorado,AR-P
60385,General Viamonte,Municipio General Viamonte,AR-B
540399,Oberá,Municipio Oberá,AR-N
60574,Navarro,Municipio Navarro,AR-B
60134,Cañuelas,Municipio Cañuelas,AR-B
60778,San Vicente,Municipio San Vicente,AR-B
60322,General la Madrid,Municipio General la Madrid,AR-B
60399,Guaminí,Municipio Guaminí,AR-B
340070,Villa Escolar,Municipio Villa Escolar,AR-P
60231,Daireaux,Municipio Daireaux,AR-B
60270,Ezeiza,Municipio Ezeiza,AR-B
60035,Avellaneda,Municipio Avellaneda,AR-B
60175,Colón,Municipio Colón,AR-B
60294,General Arenales,Municipio General Arenales,AR-B
60679,Rivadavia,Municipio Rivadavia,AR-B
60406,Hipólito Yrigoyen,Municipio Hipólito Yrigoyen,AR-B
60238,Dolores,Municipio Dolores,AR-B
60245,Ensenada,Municipio Ensenada,AR-B
60448,Laprida,Municipio Laprida,AR-B
60462,Leandro N. Alem,Municipio Leandro N. Alem,AR-B
60070,Baradero,Municipio Baradero,AR-B
820259,San Justo,Municipio San Justo,AR-S
942007,Tolhuin,Municipio Tolhuin,AR-V
820336,Vera,Municipio Vera,AR-S
820256,San Genaro,Municipio San Genaro,AR-S
540217,Iguazú,Municipio Iguazú,AR-N
820098,Las Toscas,Municipio Las Toscas,AR-S
820112,Reconquista,Municipio Reconquista,AR-S
820224,Ceres,Municipio Ceres,AR-S
820231,San Cristóbal,Municipio San Cristóbal,AR-S
820147,Santa Fe,Municipio Santa Fe,AR-S
820175,Tostado,Municipio Tostado,AR-S
820161,Esperanza,Municipio Esperanza,AR-S
820042,Rafaela,Municipio Rafaela,AR-S
820035,Frontera,Municipio Frontera,AR-S
820238,San Javier,Municipio San Javier,AR-S
820315,San Jorge,Municipio San Jorge,AR-S
820308,El Trébol,Municipio El Trébol,AR-S
820252,Gálvez,Municipio Gálvez,AR-S
540336,Caraguatay,Municipio Caraguatay,AR-N
820168,San Carlos Centro,Municipio San Carlos Centro,AR-S
140679,Cosquín,Municipio Cosquín,AR-X
540105,Fachinal,Municipio Fachinal,AR-N
540301,El Alcázar,Municipio El Alcázar,AR-N
820144,Recreo,Municipio Recreo,AR-S
900049,Municipalidad de Graneros,Municipio Municipalidad de Graneros,AR-T
820140,Laguna Paiva,Municipio Laguna Paiva,AR-S
900014,Municipalidad de San Miguel De Tucuman,Municipio Municipalidad de San Miguel De Tucuman,AR-T
820049,Sunchales,Municipio Sunchales,AR-S
820014,Las Parejas,Municipio Las Parejas,AR-S
820133,Totoras,Municipio Totoras,AR-S
820021,Las Rosas,Municipio Las Rosas,AR-S
540455,Jardín América,Municipio Jardín América,AR-N
820007,Armstrong,Municipio Armstrong,AR-S
820070,Rufino,Municipio Rufino,AR-S
620266,Maquinchao,Municipio Maquinchao,AR-R
620238,Sierra Grande,Municipio Sierra Grande,AR-R
620224,Pilcaniyeu,Municipio Pilcaniyeu,AR-R
620231,San Antonio Oeste,Municipio San Antonio Oeste,AR-R
820028,Casilda,Municipio Casilda,AR-S
260049,Comodoro Rivadavia,Municipio Comodoro Rivadavia,AR-U
820189,Funes,Municipio Funes,AR-S
820203,Pérez,Municipio Pérez,AR-S
820273,Carcarañá,Municipio Carcarañá,AR-S
820063,Firmat,Municipio Firmat,AR-S
820084,Villa Cañás,Municipio Villa Cañás,AR-S
820126,Cañada de Gómez,Municipio Cañada de Gómez,AR-S
820301,San Lorenzo,Municipio San Lorenzo,AR-S
820280,Fray Luis Beltrán,Municipio Fray Luis Beltrán,AR-S
820217,Villa Gobernador Gálvez,Municipio Villa Gobernador Gálvez,AR-S
820056,Villa Constitución,Municipio Villa Constitución,AR-S
820182,Arroyo Seco,Municipio Arroyo Seco,AR-S
620217,Comallo,Municipio Comallo,AR-R
620259,Los Menucos,Municipio Los Menucos,AR-R
620245,Valcheta,Municipio Valcheta,AR-R
620196,Sierra Colorada,Municipio Sierra Colorada,AR-R
620189,Ministro Ramos Mexia,Municipio Ministro Ramos Mexia,AR-R
620154,Gral. Fdez. Oro,Municipio Gral. Fdez. Oro,AR-R
420385,Veinticinco de Mayo,Municipio Veinticinco de Mayo,AR-L
620007,Guardia Mitre,Municipio Guardia Mitre,AR-R
620161,Gral. Roca,Municipio Gral. Roca,AR-R
620084,Gral. Conesa,Municipio Gral. Conesa,AR-R
540364,Campo Viera,Municipio Campo Viera,AR-N
620063,Pomona,Municipio Pomona,AR-R
141372,Alta Gracia,Municipio Alta Gracia,AR-X
620203,Ñorquinco,Municipio Ñorquinco,AR-R
620049,Lamarque,Municipio Lamarque,AR-R
620035,Coronel Belisle,Municipio Coronel Belisle,AR-R
620042,Darwin,Municipio Darwin,AR-R
620021,Chimpay,Municipio Chimpay,AR-R
620119,Chichinales,Municipio Chichinales,AR-R
620112,Cervantes,Municipio Cervantes,AR-R
620091,Allen,Municipio Allen,AR-R
540266,Dos Arroyos,Municipio Dos Arroyos,AR-N
620126,Cinco Saltos,Municipio Cinco Saltos,AR-R
620140,Contralmirante Cordero,Municipio Contralmirante Cordero,AR-R
620105,Catriel,Municipio Catriel,AR-R
620273,Dina Huapi,Municipio Dina Huapi,AR-R
620147,Gral. Enrique Godoy,Municipio Gral. Enrique Godoy,AR-R
540126,Concepción de la Sierra,Municipio Concepción de la Sierra,AR-N
620182,Villa Regina,Municipio Villa Regina,AR-R
620210,Rìo Colorado,Municipio Rìo Colorado,AR-R
141253,Freyre,Municipio Freyre,AR-X
620014,Viedma,Municipio Viedma,AR-R
260028,El Maitén,Municipio El Maitén,AR-U
260042,Lago Puelo,Municipio Lago Puelo,AR-U
260112,Rawson,Municipio Rawson,AR-U
540245,Arroyo del Medio,Municipio Arroyo del Medio,AR-N
260035,Epuyén,Municipio Epuyén,AR-U
260091,Dolavon,Municipio Dolavon,AR-U
260119,Trelew,Municipio Trelew,AR-U
260098,Gaiman,Municipio Gaiman,AR-U
260154,José de San Martín,Municipio José de San Martín,AR-U
260077,Esquel,Municipio Esquel,AR-U
260105,Tecka,Municipio Tecka,AR-U
260056,Rada Tilly,Municipio Rada Tilly,AR-U
260084,Trevelín,Municipio Trevelín,AR-U
260133,Río Mayo,Municipio Río Mayo,AR-U
260063,Camarones,Municipio Camarones,AR-U
420007,Abramo,Municipio Abramo,AR-L
420343,Santa Teresa,Municipio Santa Teresa,AR-L
420140,General Campos,Municipio General Campos,AR-L
420371,Trenel,Municipio Trenel,AR-L
420308,Rancul,Municipio Rancul,AR-L
420105,Coronel Hilario Lagos,Municipio Coronel Hilario Lagos,AR-L
420049,Bernardo Larroude,Municipio Bernardo Larroude,AR-L
420084,Ceballos,Municipio Ceballos,AR-L
420175,Intendente Alvear,Municipio Intendente Alvear,AR-L
420259,Miguel Riglos,Municipio Miguel Riglos,AR-L
420357,Toay,Municipio Toay,AR-L
420287,Puelén,Municipio Puelén,AR-L
420210,La Maruja,Municipio La Maruja,AR-L
420231,Macachín,Municipio Macachín,AR-L
420168,Ingeniero Luiggi,Municipio Ingeniero Luiggi,AR-L
420126,Embajador Martini,Municipio Embajador Martini,AR-L
420119,Eduardo Castex,Municipio Eduardo Castex,AR-L
420266,Monte Nievas,Municipio Monte Nievas,AR-L
420301,Quemú Quemú,Municipio Quemú Quemú,AR-L
420406,Villa Mirasol,Municipio Villa Mirasol,AR-L
420091,Colonia Barón,Municipio Colonia Barón,AR-L
420413,Winifreda,Municipio Winifreda,AR-L
420329,Santa Isabel,Municipio Santa Isabel,AR-L
420350,Telén,Municipio Telén,AR-L
420042,Ataliva Roca,Municipio Ataliva Roca,AR-L
420014,Alpachiri,Municipio Alpachiri,AR-L
420056,Bernasconi,Municipio Bernasconi,AR-L
420399,Victorica,Municipio Victorica,AR-L
420245,Metileo,Municipio Metileo,AR-L
420378,Uriburu,Municipio Uriburu,AR-L
420098,Conhelo,Municipio Conhelo,AR-L
420133,General Acha,Municipio General Acha,AR-L
420161,Guatraché,Municipio Guatraché,AR-L
141092,Mina Clavero,Municipio Mina Clavero,AR-X
420189,La Adela,Municipio La Adela,AR-L
420021,Alta Italia,Municipio Alta Italia,AR-L
420028,Anguil,Municipio Anguil,AR-L
420238,Mauricio Mayer,Municipio Mauricio Mayer,AR-L
420154,General San Martín,Municipio General San Martín,AR-L
420196,La Humada,Municipio La Humada,AR-L
420112,Doblas,Municipio Doblas,AR-L
420273,Parera,Municipio Parera,AR-L
420063,Caleufú,Municipio Caleufú,AR-L
420147,General Pico,Municipio General Pico,AR-L
420252,Miguel Cané,Municipio Miguel Cané,AR-L
420280,Puelches,Municipio Puelches,AR-L
140763,Adelia María,Municipio Adelia María,AR-X
140770,Alcira,Municipio Alcira,AR-X
141421,Almafuerte,Municipio Almafuerte,AR-X
140777,Alpa Corral,Municipio Alpa Corral,AR-X
141589,Alto Alegre,Municipio Alto Alegre,AR-X
420315,Realicó,Municipio Realicó,AR-L
140280,Ausonia,Municipio Ausonia,AR-X
141603,Ballesteros Sud,Municipio Ballesteros Sud,AR-X
141183,Balnearia,Municipio Balnearia,AR-X
141610,Bell Ville,Municipio Bell Ville,AR-X
140784,Berrotarán,Municipio Berrotarán,AR-X
140385,Alejandro Roca,Municipio Alejandro Roca,AR-X
140476,Alejo Ledesma,Municipio Alejo Ledesma,AR-X
141162,Alicia,Municipio Alicia,AR-X
140273,Arroyo Cabral,Municipio Arroyo Cabral,AR-X
141190,Brinkmann,Municipio Brinkmann,AR-X
140210,Buchardo,Municipio Buchardo,AR-X
141169,Altos de Chipión,Municipio Altos de Chipión,AR-X
540252,Caa Yarí,Municipio Caa Yarí,AR-N
140791,Bulnes,Municipio Bulnes,AR-X
540287,Olegario V. Andrade,Municipio Olegario V. Andrade,AR-N
140973,Calchín,Municipio Calchín,AR-X
140980,Calchín Oeste,Municipio Calchín Oeste,AR-X
540259,Cerro Azul,Municipio Cerro Azul,AR-N
140490,Camilo Aldao,Municipio Camilo Aldao,AR-X
141624,Canals,Municipio Canals,AR-X
140987,Capilla del Carmen,Municipio Capilla del Carmen,AR-X
140497,Capitán General B. O'Higgins,Municipio Capitán General B. O'Higgins,AR-X
140399,Carnerillo,Municipio Carnerillo,AR-X
140994,Carrilobo,Municipio Carrilobo,AR-X
140798,Chaján,Municipio Chaján,AR-X
140287,Chazón,Municipio Chazón,AR-X
141631,Chilibroste,Municipio Chilibroste,AR-X
140091,Colonia Caroya,Municipio Colonia Caroya,AR-X
141204,Colonia Prosperidad,Municipio Colonia Prosperidad,AR-X
141638,Cintra,Municipio Cintra,AR-X
141428,Colonia Almada,Municipio Colonia Almada,AR-X
141645,Colonia Bismarck,Municipio Colonia Bismarck,AR-X
141218,Colonia Vignaud,Municipio Colonia Vignaud,AR-X
140812,Coronel Moldes,Municipio Coronel Moldes,AR-X
141435,Corralito,Municipio Corralito,AR-X
140525,Cruz Alta,Municipio Cruz Alta,AR-X
140805,Coronel Baigorria,Municipio Coronel Baigorria,AR-X
140518,Corral de Bustos,Municipio Corral de Bustos,AR-X
141379,Despeñaderos,Municipio Despeñaderos,AR-X
141225,Devoto,Municipio Devoto,AR-X
140182,Cruz del Eje,Municipio Cruz del Eje,AR-X
141232,El Arañado,Municipio El Arañado,AR-X
141442,Dalmacio Vélez,Municipio Dalmacio Vélez,AR-X
140371,Deán Funes,Municipio Deán Funes,AR-X
141246,El Tío,Municipio El Tío,AR-X
140819,Elena,Municipio Elena,AR-X
140105,Estación Juárez Celman,Municipio Estación Juárez Celman,AR-X
140532,General Baldissera,Municipio General Baldissera,AR-X
141456,James Craik,Municipio James Craik,AR-X
140539,General Roca,Municipio General Roca,AR-X
141449,Hernando,Municipio Hernando,AR-X
140427,Huanchilla,Municipio Huanchilla,AR-X
140560,Isla Verde,Municipio Isla Verde,AR-X
140238,Jovita,Municipio Jovita,AR-X
141659,Justiniano Posse,Municipio Justiniano Posse,AR-X
140553,Inriville,Municipio Inriville,AR-X
140231,Italó,Municipio Italó,AR-X
540434,General J. J. Urquiza,Municipio General J. J. Urquiza,AR-N
140119,La Calera,Municipio La Calera,AR-X
140434,La Carlota,Municipio La Carlota,AR-X
540392,Los Helechos,Municipio Los Helechos,AR-N
140014,La Cruz,Municipio La Cruz,AR-X
140693,La Cumbre,Municipio La Cumbre,AR-X
140700,La Falda,Municipio La Falda,AR-X
140301,La Laguna,Municipio La Laguna,AR-X
140077,Córdoba,Municipio Córdoba,AR-X
140308,La Palestina,Municipio La Palestina,AR-X
140903,La Para,Municipio La Para,AR-X
141127,La Paz,Municipio La Paz,AR-X
140315,La Playosa,Municipio La Playosa,AR-X
140910,La Puerta,Municipio La Puerta,AR-X
141547,Las Arrias,Municipio Las Arrias,AR-X
141463,Las Perdices,Municipio Las Perdices,AR-X
141519,Las Peñas,Municipio Las Peñas,AR-X
141281,Las Varas,Municipio Las Varas,AR-X
141288,Las Varillas,Municipio Las Varillas,AR-X
140567,Leones,Municipio Leones,AR-X
140441,Los Cisnes,Municipio Los Cisnes,AR-X
140574,Los Surgentes,Municipio Los Surgentes,AR-X
540490,Mojón Grande,Municipio Mojón Grande,AR-N
140322,Luca,Municipio Luca,AR-X
540378,Gral. Alvear,Municipio Gral. Alvear,AR-N
141386,Lozada,Municipio Lozada,AR-X
141393,Malagueño,Municipio Malagueño,AR-X
140133,Malvinas Argentinas,Municipio Malvinas Argentinas,AR-X
140581,Marcos Juárez,Municipio Marcos Juárez,AR-X
140245,Mattaldi,Municipio Mattaldi,AR-X
140140,Mendiolaza,Municipio Mendiolaza,AR-X
141302,Miramar,Municipio Miramar,AR-X
140588,Monte Buey,Municipio Monte Buey,AR-X
140917,Monte Cristo,Municipio Monte Cristo,AR-X
141673,Monte Leña,Municipio Monte Leña,AR-X
141680,Monte Maíz,Municipio Monte Maíz,AR-X
141400,Monte Ralo,Municipio Monte Ralo,AR-X
141687,Morrison,Municipio Morrison,AR-X
141309,Morteros,Municipio Morteros,AR-X
141694,Noetinger,Municipio Noetinger,AR-X
140924,Obispo Trejo,Municipio Obispo Trejo,AR-X
140448,Olaeta,Municipio Olaeta,AR-X
141477,Oliva,Municipio Oliva,AR-X
141050,Oncativo,Municipio Oncativo,AR-X
141701,Ordóñez,Municipio Ordóñez,AR-X
140329,Pasco,Municipio Pasco,AR-X
141484,Pampayasta Sud,Municipio Pampayasta Sud,AR-X
141708,Pascanas,Municipio Pascanas,AR-X
140931,Piquillín,Municipio Piquillín,AR-X
141316,Porteña,Municipio Porteña,AR-X
141323,Quebracho Herrado,Municipio Quebracho Herrado,AR-X
140378,Quilino,Municipio Quilino,AR-X
140455,Reducción,Municipio Reducción,AR-X
140861,Río Cuarto,Municipio Río Cuarto,AR-X
140938,Río Primero,Municipio Río Primero,AR-X
141071,Río Segundo,Municipio Río Segundo,AR-X
141491,Río Tercero,Municipio Río Tercero,AR-X
141330,Sacanta,Municipio Sacanta,AR-X
140595,Saira,Municipio Saira,AR-X
140154,Saldán,Municipio Saldán,AR-X
140609,Salsacate,Municipio Salsacate,AR-X
540497,San Javier,Municipio San Javier,AR-N
140161,Salsipuedes,Municipio Salsipuedes,AR-X
140868,Sampacho,Municipio Sampacho,AR-X
140056,San Agustín,Municipio San Agustín,AR-X
140875,San Basilio,Municipio San Basilio,AR-X
140602,San Carlos Minas,Municipio San Carlos Minas,AR-X
141337,San Francisco,Municipio San Francisco,AR-X
141414,San Francisco del Chañar,Municipio San Francisco del Chañar,AR-X
141141,San José,Municipio San José,AR-X
140189,San Marcos Sierras,Municipio San Marcos Sierras,AR-X
141106,San Pedro,Municipio San Pedro,AR-X
140035,Santa Rosa de Calamuchita,Municipio Santa Rosa de Calamuchita,AR-X
141526,Sarmiento,Municipio Sarmiento,AR-X
140196,Serrezuela,Municipio Serrezuela,AR-X
141533,Sinsacate,Municipio Sinsacate,AR-X
141498,Tancacha,Municipio Tancacha,AR-X
140728,Tanti,Municipio Tanti,AR-X
140343,Ticino,Municipio Ticino,AR-X
140350,Tío Pujio,Municipio Tío Pujio,AR-X
140889,Tosquita,Municipio Tosquita,AR-X
141358,Tránsito,Municipio Tránsito,AR-X
140469,Ucacha,Municipio Ucacha,AR-X
141736,Viamonte,Municipio Viamonte,AR-X
140896,Vicuña Mackenna,Municipio Vicuña Mackenna,AR-X
340007,Laguna Yema,Municipio Laguna Yema,AR-P
140168,Unquillo,Municipio Unquillo,AR-X
140742,Villa Carlos Paz,Municipio Villa Carlos Paz,AR-X
141113,Villa Cura Brochero,Municipio Villa Cura Brochero,AR-X
141148,Villa de las Rosas,Municipio Villa de las Rosas,AR-X
140966,Villa de María,Municipio Villa de María,AR-X
141085,Villa del Rosario,Municipio Villa del Rosario,AR-X
140203,Villa de Soto,Municipio Villa de Soto,AR-X
141540,Villa del Totoral,Municipio Villa del Totoral,AR-X
141155,Villa Dolores,Municipio Villa Dolores,AR-X
340231,Mayor Vicente E. Villafañe,Municipio Mayor Vicente E. Villafañe,AR-P
140049,Villa General Belgrano,Municipio Villa General Belgrano,AR-X
140749,Villa Giardino,Municipio Villa Giardino,AR-X
140357,Villa María,Municipio Villa María,AR-X
540182,Comandante A. Guacurary,Municipio Comandante A. Guacurary,AR-N
540189,San Antonio,Municipio San Antonio,AR-N
141120,Villa Sarmiento (S. A.),Municipio Villa Sarmiento (S. A.),AR-X
141582,Villa Tulumba,Municipio Villa Tulumba,AR-X
140063,Villa Rumipal,Municipio Villa Rumipal,AR-X
140259,Villa Valeria,Municipio Villa Valeria,AR-X
141743,Wenceslao Escalante,Municipio Wenceslao Escalante,AR-X
140021,Los Cóndores,Municipio Los Cóndores,AR-X
540035,Aristóbulo del Valle,Municipio Aristóbulo del Valle,AR-N
740014,Lujan,Municipio Lujan,AR-D
900126,Municipalidad de Trancas,Municipio Municipalidad de Trancas,AR-T
540133,Santa María,Municipio Santa María,AR-N
540385,Guaraní,Municipio Guaraní,AR-N
740021,Quines,Municipio Quines,AR-D
740133,San Luis,Municipio San Luis,AR-D
740105,Merlo,Municipio Merlo,AR-D
740119,Juana Koslay,Municipio Juana Koslay,AR-D
540021,San José,Municipio San José,AR-N
740077,Villa Mercedes,Municipio Villa Mercedes,AR-D
740073,Ranqueles,Municipio Ranqueles,AR-D
740007,Candelaria,Municipio Candelaria,AR-D
740140,San Martin,Municipio San Martin,AR-D
540476,Ameghino,Municipio Ameghino,AR-N
540357,Campo Ramón,Municipio Campo Ramón,AR-N
740063,Tilisarao,Municipio Tilisarao,AR-D
540007,Apóstoles,Municipio Apóstoles,AR-N
140364,Villa Nueva,Municipio Villa Nueva,AR-X
140945,Santa Rosa de Río Primero,Municipio Santa Rosa de Río Primero,AR-X
540028,Tres Capones,Municipio Tres Capones,AR-N
740108,Desaguadero,Municipio Desaguadero,AR-D
740035,"V, Gral, Roca","Municipio V, Gral, Roca",AR-D
740098,Sta Rosa del Conlara,Municipio Sta Rosa del Conlara,AR-D
540154,Eldorado,Municipio Eldorado,AR-N
540350,Puerto Piray,Municipio Puerto Piray,AR-N
900056,Municipalidad de Juan Bautista Alberdi,Municipio Municipalidad de Juan Bautista Alberdi,AR-T
540308,Garuhapé,Municipio Garuhapé,AR-N
740042,La Toma,Municipio La Toma,AR-D
740084,Buena Esperanza,Municipio Buena Esperanza,AR-D
900091,Municipalidad de Aguilares,Municipio Municipalidad de Aguilares,AR-T
740049,Concaran,Municipio Concaran,AR-D
740056,Naschel,Municipio Naschel,AR-D
740070,Justo Daract,Municipio Justo Daract,AR-D
740091,Union,Municipio Union,AR-D
740038,Estancia Grande,Municipio Estancia Grande,AR-D
749007,La Punta,Municipio La Punta,AR-D
540231,Colonia Wanda,Municipio Colonia Wanda,AR-N
900084,Municipalidad de Monteros,Municipio Municipalidad de Monteros,AR-T
900119,Municipalidad de Tafi Viejo,Municipio Municipalidad de Tafi Viejo,AR-T
900007,Municipalidad de Burruyacu,Municipio Municipalidad de Burruyacu,AR-T
900070,Municipalidad de Bella Vista,Municipio Municipalidad de Bella Vista,AR-T
900042,Municipalidad de Famailla,Municipio Municipalidad de Famailla,AR-T
900028,Municipalidad de Banda del Rio Sali,Municipio Municipalidad de Banda del Rio Sali,AR-T
540049,Dos de Mayo,Municipio Dos de Mayo,AR-N
540112,Garupá,Municipio Garupá,AR-N
540091,Profundidad,Municipio Profundidad,AR-N
540063,Candelaria,Municipio Candelaria,AR-N
540077,Loreto,Municipio Loreto,AR-N
540224,Libertad,Municipio Libertad,AR-N
